Round,PlayerId,Position:Y,Position:X,Speed,State,Boosting,Boost-Counter,Damage,#Boosts,#Oil,#Lizards,LastCyberTruck:Y,LastCyberTruck:X,#Tweets,#EMPs,Score
1,2,4,1,5,READY,false,0,0,0,0,0,,,0,0,0
2,2,4,7,6,ACCELERATING,false,0,0,0,0,0,,,0,0,0
3,2,4,15,6,HIT_MUD,false,0,1,0,0,0,,,0,0,-3
4,2,4,23,6,HIT_MUD,false,0,2,0,0,0,,,0,0,-6
5,2,4,31,8,ACCELERATING,false,0,2,0,0,0,,,0,0,-6
6,2,4,39,6,HIT_MUD,false,0,3,0,0,0,,,0,0,-9
7,2,4,45,0,HIT_WALL,false,0,5,0,0,0,,,0,0,-17
8,2,4,45,0,FIXED_CAR,false,0,3,0,0,0,,,0,0,-17
9,2,4,48,0,HIT_WALL,false,0,5,0,0,0,,,0,0,-22
10,2,4,48,0,FIXED_CAR,false,0,3,0,0,0,,,0,0,-22
11,2,4,51,3,ACCELERATING,false,0,3,0,0,0,,,0,0,-22
12,2,4,57,3,HIT_MUD,false,0,4,0,0,0,,,0,0,-25
13,2,4,60,3,ACCELERATING,false,0,4,0,0,0,,,0,0,-25
14,2,4,63,3,ACCELERATING,false,0,4,0,0,0,,,0,0,-25
15,2,4,66,3,ACCELERATING,false,0,4,0,0,0,,,0,0,-25
16,2,4,69,0,HIT_WALL,false,0,5,0,0,0,,,0,0,-30
17,2,4,69,0,FIXED_CAR,false,0,3,0,0,0,,,0,0,-30
18,2,4,72,3,ACCELERATING,false,0,3,0,0,0,,,0,0,-30
19,2,4,78,3,HIT_MUD,false,0,4,0,0,1,,,0,1,-25
20,2,4,81,3,ACCELERATING,false,0,4,0,0,1,,,0,1,-25
21,2,4,84,3,ACCELERATING,false,0,4,0,0,1,,,0,1,-25
22,2,4,87,3,ACCELERATING,false,0,4,0,0,1,,,0,1,-25
23,2,4,90,3,ACCELERATING,false,0,4,0,0,1,,,0,1,-25
24,2,4,93,3,ACCELERATING,false,0,4,0,0,1,,,1,1,-21
25,2,4,96,3,ACCELERATING,false,0,4,0,0,1,,,1,1,-21
26,2,4,99,3,ACCELERATING,false,0,4,0,0,1,,,1,1,-21
27,2,4,102,3,ACCELERATING,false,0,4,0,0,1,,,1,1,-21
28,2,4,105,3,ACCELERATING,false,0,4,0,0,1,,,1,1,-21
29,2,4,108,3,ACCELERATING,false,0,4,0,0,1,,,1,1,-21
30,2,4,111,3,ACCELERATING,false,0,4,0,0,1,,,1,1,-21
31,2,4,114,0,HIT_WALL,false,0,5,0,0,1,,,1,1,-26
32,2,4,114,0,FIXED_CAR,false,0,3,0,0,1,,,1,1,-26
33,2,4,117,3,ACCELERATING,false,0,3,0,0,1,,,1,1,-26
34,2,4,123,0,HIT_WALL,false,0,5,0,0,1,,,1,1,-31
35,2,4,123,0,FIXED_CAR,false,0,3,0,0,1,,,1,1,-31
36,2,4,126,3,ACCELERATING,false,0,3,1,0,1,,,1,1,-27
37,2,4,132,6,ACCELERATING,false,0,3,1,0,1,,,1,1,-27
38,2,4,138,6,USED_BOOST,true,5,3,0,0,1,,,1,1,-23
39,2,4,144,6,ACCELERATING,true,4,3,0,0,1,,,1,1,-23
40,2,4,150,6,ACCELERATING,true,3,3,0,0,2,,,1,1,-19
41,2,4,156,6,USED_LIZARD,true,2,3,0,0,1,,,1,1,-19
42,2,4,162,6,USED_LIZARD,true,1,3,0,0,0,,,1,1,-19
43,2,4,168,6,ACCELERATING,false,0,3,0,0,0,,,1,1,-19
44,2,4,174,6,ACCELERATING,false,0,3,0,0,0,,,1,1,-19
45,2,4,180,6,ACCELERATING,false,0,3,0,0,0,,,1,1,-19
46,2,4,186,6,ACCELERATING,false,0,3,0,0,0,,,1,1,-19
47,2,4,192,0,HIT_WALL,false,0,5,0,0,0,,,1,1,-30
48,2,4,192,0,FIXED_CAR,false,0,3,0,0,0,,,1,1,-30
49,2,4,195,3,ACCELERATING,false,0,3,0,0,1,,,1,2,-22
50,2,4,201,6,ACCELERATING,false,0,3,0,0,1,,,1,2,-22
51,2,4,207,6,ACCELERATING,false,0,3,0,0,1,,,1,2,-22
52,2,4,213,6,ACCELERATING,false,0,3,1,0,1,,,1,2,-18
53,2,4,219,6,USED_BOOST,true,5,3,0,0,1,,,1,2,-14
54,2,4,225,6,USED_LIZARD,true,4,3,0,0,0,,,1,2,-14
55,2,4,231,6,ACCELERATING,true,3,3,0,0,0,,,1,2,-14
56,2,4,237,3,HIT_MUD,false,0,4,0,0,0,,,1,2,-17
57,2,4,240,3,ACCELERATING,false,0,4,0,0,0,,,1,2,-17
58,2,4,243,3,ACCELERATING,false,0,4,0,0,0,,,1,2,-17
59,2,4,246,3,ACCELERATING,false,0,4,0,0,0,,,1,2,-17
60,2,4,249,0,HIT_MUD,false,0,5,0,0,0,,,1,2,-20
61,2,4,249,0,FIXED_CAR,false,0,3,0,0,0,,,1,2,-20
62,2,4,252,3,HIT_MUD,false,0,4,0,0,0,,,1,3,-19
63,2,4,255,3,ACCELERATING,false,0,4,0,0,0,,,1,3,-19
64,2,4,258,3,ACCELERATING,false,0,4,0,0,0,,,1,3,-19
65,2,4,261,3,ACCELERATING,false,0,4,0,0,0,,,1,3,-19
66,2,4,264,3,ACCELERATING,false,0,4,0,0,0,,,1,3,-19
67,2,4,267,3,ACCELERATING,false,0,4,0,0,0,,,1,3,-19
68,2,4,270,0,HIT_MUD,false,0,5,0,0,0,,,1,3,-22
69,2,4,270,0,FIXED_CAR,false,0,3,0,0,0,,,1,3,-22
70,2,4,273,0,HIT_MUD,false,0,5,0,0,0,,,1,3,-31
71,2,4,273,0,FIXED_CAR,false,0,3,0,0,0,,,1,3,-31
72,2,4,276,3,ACCELERATING,false,0,3,0,0,0,,,1,3,-31
73,2,4,282,6,ACCELERATING,false,0,3,0,0,0,,,1,3,-31
74,2,4,288,6,ACCELERATING,false,0,3,0,0,0,,,1,3,-31
75,2,4,294,6,ACCELERATING,false,0,3,0,0,0,,,1,3,-31
76,2,4,300,6,ACCELERATING,false,0,3,0,0,0,,,2,3,-27
77,2,4,306,6,ACCELERATING,false,0,3,0,0,0,,,2,3,-27
78,2,4,312,6,ACCELERATING,false,0,3,0,0,0,,,2,3,-27
79,2,4,318,3,HIT_MUD,false,0,4,0,0,0,,,2,3,-30
80,2,4,321,3,ACCELERATING,false,0,4,0,0,0,,,2,3,-30
81,2,4,324,3,ACCELERATING,false,0,4,1,0,0,,,2,3,-26
82,2,4,327,3,ACCELERATING,false,0,4,1,0,0,,,2,3,-26
83,2,4,330,3,ACCELERATING,false,0,4,1,0,0,,,2,3,-26
84,2,4,333,0,HIT_MUD,false,0,5,1,0,0,,,2,3,-29
85,2,4,333,0,FIXED_CAR,false,0,3,1,0,0,,,2,3,-29
86,2,4,336,3,ACCELERATING,false,0,3,1,0,0,,,2,3,-29
87,2,4,342,6,ACCELERATING,false,0,3,1,0,0,,,2,3,-29
88,2,4,348,3,HIT_MUD,false,0,4,0,0,0,,,2,3,-28
89,2,4,351,3,ACCELERATING,false,0,4,0,1,0,,,2,3,-24
90,2,4,354,3,ACCELERATING,false,0,4,0,1,0,,,2,3,-24
91,2,4,357,3,ACCELERATING,false,0,4,0,1,0,,,2,3,-24
92,2,4,360,0,HIT_MUD,false,0,5,0,1,0,,,2,3,-27
93,2,4,360,0,FIXED_CAR,false,0,3,0,1,0,,,2,3,-27
94,2,4,363,3,ACCELERATING,false,0,3,0,1,0,,,2,3,-27
95,2,4,369,6,ACCELERATING,false,0,3,0,1,1,,,2,3,-23
96,2,4,375,6,ACCELERATING,false,0,3,0,1,1,,,2,3,-23
97,2,4,381,6,ACCELERATING,false,0,3,0,1,1,,,2,3,-23
98,2,4,387,6,ACCELERATING,false,0,3,0,1,1,,,2,3,-23
99,2,4,393,6,ACCELERATING,false,0,3,0,1,2,,,2,4,-15
100,2,4,399,6,ACCELERATING,false,0,3,0,2,2,,,2,4,-11
101,2,4,405,6,ACCELERATING,false,0,3,0,2,2,,,2,4,-11
102,2,4,411,6,ACCELERATING,false,0,3,0,2,2,,,2,4,-11
103,2,4,417,3,HIT_MUD,false,0,4,0,2,1,,,2,4,-14
104,2,4,420,3,ACCELERATING,false,0,4,0,2,1,,,2,4,-14
105,2,4,423,0,HIT_MUD,false,0,5,0,2,1,,,2,4,-17
106,2,4,423,0,FIXED_CAR,false,0,3,0,2,1,,,2,4,-17
107,2,4,426,0,HIT_MUD,false,0,5,0,2,1,,,2,4,-26
108,2,4,426,0,FIXED_CAR,false,0,3,0,2,1,,,2,4,-26
109,2,4,429,3,ACCELERATING,false,0,3,0,3,1,,,2,4,-22
110,2,4,435,6,ACCELERATING,false,0,3,0,3,1,,,2,4,-22
111,2,4,441,6,USED_LIZARD,false,0,3,0,3,0,,,2,4,-22
112,2,4,447,6,ACCELERATING,false,0,3,0,3,0,,,2,4,-22
113,2,4,453,6,ACCELERATING,false,0,3,0,3,0,,,2,4,-22
114,2,4,459,6,ACCELERATING,false,0,3,1,3,0,,,2,4,-18
115,2,4,465,6,USED_BOOST,true,5,3,0,3,0,,,2,4,-14
116,2,4,471,6,ACCELERATING,true,4,3,0,3,0,,,2,4,-14
117,2,4,477,0,HIT_MUD,false,0,5,0,3,0,,,2,4,-20
118,2,4,477,0,FIXED_CAR,false,0,3,0,3,0,,,2,4,-20
119,2,4,480,3,ACCELERATING,false,0,3,0,3,0,,,2,4,-20
120,2,4,486,6,ACCELERATING,false,0,3,1,3,0,,,2,4,-16
121,2,4,492,3,HIT_MUD,false,0,4,0,3,0,,,2,4,-15
122,2,4,495,3,ACCELERATING,false,0,4,0,3,0,,,2,4,-15
123,2,4,498,3,ACCELERATING,false,0,4,0,3,0,,,2,4,-15
124,2,4,501,0,HIT_MUD,false,0,5,0,3,0,,,2,4,-18
125,2,4,501,0,FIXED_CAR,false,0,3,0,3,0,,,2,4,-18
126,2,4,504,3,ACCELERATING,false,0,3,0,3,1,,,2,4,-14
127,2,4,510,6,ACCELERATING,false,0,3,0,4,1,,,2,4,-10
128,2,4,516,6,USED_LIZARD,false,0,3,0,4,0,,,2,4,-10
129,2,4,522,0,HIT_MUD,false,0,5,0,4,0,,,2,5,-12
130,2,4,522,0,FIXED_CAR,false,0,3,0,4,0,,,2,5,-12
131,2,4,525,3,ACCELERATING,false,0,3,0,4,0,,,2,5,-12
132,2,4,531,6,ACCELERATING,false,0,3,0,4,0,,,2,5,-12
133,2,4,537,6,ACCELERATING,false,0,3,0,4,0,,,2,5,-12
134,2,4,543,0,HIT_WALL,false,0,5,0,4,0,,,2,5,-20
135,2,4,543,0,FIXED_CAR,false,0,3,0,4,0,,,2,5,-20
136,2,4,546,3,ACCELERATING,false,0,3,0,4,0,,,2,5,-20
137,2,4,552,6,ACCELERATING,false,0,3,0,5,0,,,3,5,-12
138,2,4,558,6,ACCELERATING,false,0,3,0,5,0,,,3,5,-12
139,2,4,564,6,ACCELERATING,false,0,3,0,5,0,,,3,5,-12
140,2,4,570,3,HIT_MUD,false,0,4,0,5,0,,,3,5,-15
141,2,4,573,3,ACCELERATING,false,0,4,0,5,0,,,3,5,-15
142,2,4,576,3,ACCELERATING,false,0,4,0,5,0,,,3,5,-15
143,2,4,579,0,HIT_MUD,false,0,5,0,5,0,,,3,5,-18
144,2,4,579,0,FIXED_CAR,false,0,3,0,5,0,,,3,5,-18
145,2,4,582,3,ACCELERATING,false,0,3,0,5,0,,,3,5,-18
146,2,4,588,6,ACCELERATING,false,0,3,0,5,0,,,3,5,-18
147,2,4,594,3,HIT_MUD,false,0,4,1,5,0,,,3,5,-17
148,2,4,597,3,ACCELERATING,false,0,4,1,5,0,,,3,5,-17
149,2,4,600,3,ACCELERATING,false,0,4,1,5,0,,,3,5,-17
150,2,4,603,3,ACCELERATING,false,0,4,1,5,0,,,3,6,-13
151,2,4,606,3,ACCELERATING,false,0,4,1,5,0,,,3,6,-13
152,2,4,609,3,ACCELERATING,false,0,4,1,5,0,,,3,6,-13
153,2,4,612,0,HIT_MUD,false,0,5,1,5,0,,,3,6,-16
154,2,4,612,0,FIXED_CAR,false,0,3,1,5,0,,,3,6,-16
155,2,4,615,3,ACCELERATING,false,0,3,1,5,0,,,3,6,-16
156,2,4,621,6,ACCELERATING,false,0,3,1,5,1,,,3,6,-12
157,2,4,627,6,USED_BOOST,true,5,3,0,5,1,,,3,6,-8
158,2,4,633,6,USED_LIZARD,true,4,3,0,5,0,,,3,6,-8
159,2,4,639,6,ACCELERATING,true,3,3,0,5,0,,,3,6,-8
160,2,4,645,6,ACCELERATING,true,2,3,0,6,0,,,3,6,-4
161,2,4,651,0,HIT_WALL,false,0,5,0,6,0,,,3,6,-12
162,2,4,651,0,FIXED_CAR,false,0,3,0,6,0,,,3,6,-12
163,2,4,654,3,ACCELERATING,false,0,3,0,6,0,,,3,6,-12
164,2,4,660,6,ACCELERATING,false,0,3,0,6,0,,,3,6,-12
165,2,4,666,3,HIT_MUD,false,0,4,0,6,0,,,3,7,-11
166,2,4,669,3,ACCELERATING,false,0,4,0,6,0,,,3,7,-11
167,2,4,672,3,ACCELERATING,false,0,4,0,6,1,,,3,7,-7
168,2,4,675,3,ACCELERATING,false,0,4,0,6,1,,,3,7,-7
169,2,4,678,3,ACCELERATING,false,0,4,0,6,1,,,3,7,-7
170,2,4,681,3,ACCELERATING,false,0,4,0,6,1,,,3,7,-7
171,2,4,684,3,ACCELERATING,false,0,4,0,6,1,,,3,7,-7
172,2,4,687,3,ACCELERATING,false,0,4,0,6,1,,,3,8,-3
173,2,4,690,0,HIT_WALL,false,0,5,0,6,1,,,3,8,-8
174,2,4,690,0,FIXED_CAR,false,0,3,0,6,1,,,3,8,-8
175,2,4,693,3,ACCELERATING,false,0,3,0,6,1,,,3,8,-8
176,2,4,699,6,ACCELERATING,false,0,3,0,6,1,,,3,8,-8
177,2,4,705,6,USED_LIZARD,false,0,3,0,6,0,,,3,8,-8
178,2,4,711,0,HIT_WALL,false,0,5,0,6,1,,,3,8,-9
179,2,4,711,0,FIXED_CAR,false,0,3,0,6,1,,,3,8,-9
180,2,4,714,3,ACCELERATING,false,0,3,0,6,1,,,3,8,-9
181,2,4,720,6,ACCELERATING,false,0,3,0,6,1,,,3,8,-9
182,2,4,726,0,HIT_WALL,false,0,5,0,6,1,,,3,8,-14
183,2,4,726,0,FIXED_CAR,false,0,3,0,6,1,,,3,8,-14
184,2,4,729,3,ACCELERATING,false,0,3,0,6,1,,,3,8,-14
185,2,4,735,6,ACCELERATING,false,0,3,0,6,1,,,3,8,-14
186,2,4,741,6,ACCELERATING,false,0,3,0,6,1,,,3,8,-14
187,2,4,747,6,ACCELERATING,false,0,3,0,6,1,,,3,8,-14
188,2,4,753,6,ACCELERATING,false,0,3,0,6,2,,,3,8,-10
189,2,4,759,6,ACCELERATING,false,0,3,0,6,2,,,3,8,-10
190,2,4,765,6,ACCELERATING,false,0,3,0,6,2,,,3,8,-10
191,2,4,771,6,ACCELERATING,false,0,3,0,6,2,,,3,8,-10
192,2,4,777,6,USED_LIZARD,false,0,3,0,6,1,,,3,8,-10
193,2,4,783,6,USED_LIZARD,false,0,3,0,7,0,,,3,8,-6
194,2,4,789,6,ACCELERATING,false,0,3,0,7,0,,,3,8,-6
195,2,4,795,3,HIT_MUD,false,0,4,0,7,0,,,3,8,-9
196,2,4,798,3,ACCELERATING,false,0,4,0,7,0,,,3,8,-9
197,2,4,801,3,ACCELERATING,false,0,4,0,7,0,,,3,8,-9
198,2,4,804,3,ACCELERATING,false,0,4,0,7,0,,,3,8,-9
199,2,4,807,3,ACCELERATING,false,0,4,0,7,0,,,3,8,-9
200,2,4,810,3,ACCELERATING,false,0,4,0,7,1,,,3,8,-5
201,2,4,813,0,HIT_MUD,false,0,5,0,7,1,,,3,8,-8
202,2,4,813,0,FIXED_CAR,false,0,3,0,7,1,,,3,8,-8
203,2,4,816,3,ACCELERATING,false,0,3,0,7,1,,,4,8,-4
204,2,4,822,3,HIT_MUD,false,0,4,0,7,1,,,4,8,-7
205,2,4,825,3,ACCELERATING,false,0,4,0,7,1,,,4,8,-7
206,2,4,828,3,ACCELERATING,false,0,4,0,8,1,,,4,8,-3
207,2,4,831,3,ACCELERATING,false,0,4,0,8,1,,,4,8,-3
208,2,4,834,3,ACCELERATING,false,0,4,0,8,1,,,4,8,-3
209,2,4,837,3,ACCELERATING,false,0,4,0,8,1,,,4,8,-3
210,2,4,840,3,ACCELERATING,false,0,4,0,8,1,,,4,8,-3
211,2,4,843,3,ACCELERATING,false,0,4,0,8,1,,,4,8,-3
212,2,4,846,3,ACCELERATING,false,0,4,0,8,1,,,4,8,-3
213,2,4,849,3,ACCELERATING,false,0,4,0,8,1,,,4,8,-3
214,2,4,852,0,HIT_MUD,false,0,5,0,8,1,,,4,8,-6
215,2,4,852,0,FIXED_CAR,false,0,3,0,8,1,,,4,8,-6
216,2,4,855,3,ACCELERATING,false,0,3,0,8,1,,,4,8,-6
217,2,4,861,6,ACCELERATING,false,0,3,0,8,1,,,4,8,-6
218,2,4,867,6,USED_LIZARD,false,0,3,0,8,0,,,4,8,-6
219,2,4,873,0,HIT_MUD,false,0,5,0,8,0,,,4,8,-12
220,2,4,873,0,FIXED_CAR,false,0,3,0,8,0,,,4,8,-12
221,2,4,876,3,ACCELERATING,false,0,3,0,8,0,,,4,8,-12
222,2,4,882,6,ACCELERATING,false,0,3,0,8,1,,,4,8,-8
223,2,4,888,6,USED_LIZARD,false,0,3,0,8,0,,,4,8,-8
224,2,4,894,6,ACCELERATING,false,0,3,0,8,0,,,4,8,-8
225,2,4,900,3,HIT_MUD,false,0,4,0,8,0,,,4,9,-7
226,2,4,903,3,ACCELERATING,false,0,4,0,8,0,,,4,9,-7
227,2,4,906,3,ACCELERATING,false,0,4,0,8,0,,,4,9,-7
228,2,4,909,3,ACCELERATING,false,0,4,0,8,0,,,4,9,-7
229,2,4,912,3,ACCELERATING,false,0,4,0,8,0,,,4,9,-7
230,2,4,915,3,ACCELERATING,false,0,4,0,8,0,,,4,9,-7
231,2,4,918,3,ACCELERATING,false,0,4,0,8,0,,,4,9,-7
232,2,4,921,3,ACCELERATING,false,0,4,0,8,0,,,4,9,-7
233,2,4,924,3,ACCELERATING,false,0,4,0,8,0,,,4,9,-7
234,2,4,927,3,ACCELERATING,false,0,4,0,8,0,,,4,9,-7
235,2,4,930,3,ACCELERATING,false,0,4,0,8,0,,,4,9,-7
236,2,4,933,3,ACCELERATING,false,0,4,0,8,0,,,5,9,-3
237,2,4,936,3,ACCELERATING,false,0,4,0,8,0,,,5,9,-3
238,2,4,939,3,ACCELERATING,false,0,4,0,8,0,,,5,9,-3
239,2,4,942,0,HIT_MUD,false,0,5,0,8,0,,,5,9,-6
240,2,4,942,0,FIXED_CAR,false,0,3,0,8,0,,,5,9,-6
241,2,4,945,3,ACCELERATING,false,0,3,0,8,0,,,5,9,-6
242,2,4,951,6,ACCELERATING,false,0,3,0,8,0,,,5,10,-2
243,2,4,957,0,HIT_WALL,false,0,5,0,9,0,,,5,10,-6
244,2,4,957,0,FIXED_CAR,false,0,3,0,9,0,,,5,10,-6
245,2,4,960,3,ACCELERATING,false,0,3,0,9,0,,,5,10,-6
246,2,4,966,3,HIT_MUD,false,0,4,0,9,0,,,5,10,-9
247,2,4,969,3,ACCELERATING,false,0,4,0,9,0,,,5,10,-9
248,2,4,972,0,HIT_MUD,false,0,5,0,9,0,,,5,10,-12
249,2,4,972,0,FIXED_CAR,false,0,3,0,9,0,,,5,10,-12
250,2,4,975,3,ACCELERATING,false,0,3,0,9,1,,,5,10,-8
251,2,4,981,3,HIT_MUD,false,0,4,0,10,1,,,5,10,-7
252,2,4,984,3,ACCELERATING,false,0,4,0,10,1,,,5,10,-7
253,2,4,987,3,ACCELERATING,false,0,4,0,10,1,,,5,10,-7
254,2,4,990,3,ACCELERATING,false,0,4,0,10,1,,,5,10,-7
255,2,4,993,3,ACCELERATING,false,0,4,0,10,1,,,5,10,-7
256,2,4,996,3,ACCELERATING,false,0,4,0,10,1,,,5,10,-7
257,2,4,999,3,ACCELERATING,false,0,4,0,10,1,,,5,10,-7
258,2,4,1002,3,ACCELERATING,false,0,4,0,10,1,,,5,10,-7
259,2,4,1005,3,ACCELERATING,false,0,4,0,10,2,,,5,10,-3
260,2,4,1008,0,HIT_MUD,false,0,5,0,10,2,,,5,10,-6
261,2,4,1008,0,FIXED_CAR,false,0,3,0,10,2,,,5,10,-6
262,2,4,1011,3,ACCELERATING,false,0,3,0,10,2,,,5,10,-6
263,2,4,1017,6,ACCELERATING,false,0,3,0,10,2,,,5,10,-6
264,2,4,1023,6,USED_LIZARD,false,0,3,0,10,1,,,5,10,-6
265,2,4,1029,6,USED_LIZARD,false,0,3,0,10,0,,,5,10,-6
266,2,4,1035,6,ACCELERATING,false,0,3,1,10,0,,,5,10,-2
267,2,4,1041,6,USED_BOOST,true,5,3,0,10,1,,,5,10,6
268,2,4,1047,6,USED_LIZARD,true,4,3,0,10,0,,,5,10,6
269,2,4,1053,6,ACCELERATING,true,3,3,0,10,0,,,5,10,6
270,2,4,1059,6,ACCELERATING,true,2,3,0,10,0,,,6,10,10
271,2,4,1065,6,ACCELERATING,true,1,3,0,10,0,,,6,10,10
272,2,4,1071,3,HIT_MUD,false,0,4,0,10,0,,,6,10,7
273,2,4,1074,0,HIT_MUD,false,0,5,0,10,0,,,6,10,4
274,2,4,1074,0,FIXED_CAR,false,0,3,0,10,0,,,6,10,4
275,2,4,1077,3,ACCELERATING,false,0,3,0,10,0,,,6,10,4
276,2,4,1083,6,ACCELERATING,false,0,3,0,10,0,,,7,10,8
277,2,4,1089,6,ACCELERATING,false,0,3,0,10,0,,,7,10,8
278,2,4,1095,6,ACCELERATING,false,0,3,0,10,0,,,7,10,8
279,2,4,1101,6,ACCELERATING,false,0,3,0,10,0,,,7,10,8
280,2,4,1107,6,ACCELERATING,false,0,3,0,10,0,,,7,10,8
281,2,4,1113,3,HIT_MUD,false,0,4,0,10,0,,,7,10,5
282,2,4,1116,3,ACCELERATING,false,0,4,0,10,0,,,7,10,5
283,2,4,1119,3,ACCELERATING,false,0,4,0,10,0,,,7,10,5
284,2,4,1122,3,ACCELERATING,false,0,4,0,10,0,,,7,10,5
285,2,4,1125,3,ACCELERATING,false,0,4,0,10,0,,,7,10,5
286,2,4,1128,3,ACCELERATING,false,0,4,0,10,0,,,7,10,5
287,2,4,1131,0,HIT_MUD,false,0,5,0,10,0,,,7,10,2
288,2,4,1131,0,FIXED_CAR,false,0,3,0,10,0,,,7,10,2
289,2,4,1134,3,ACCELERATING,false,0,3,0,10,0,,,7,10,2
290,2,4,1140,6,ACCELERATING,false,0,3,0,10,0,,,7,10,2
291,2,4,1146,3,HIT_MUD,false,0,4,0,10,0,,,8,10,3
292,2,4,1149,3,ACCELERATING,false,0,4,0,10,0,,,8,10,3
293,2,4,1152,3,ACCELERATING,false,0,4,0,10,0,,,8,10,3
294,2,4,1155,3,ACCELERATING,false,0,4,0,10,0,,,8,10,3
295,2,4,1158,3,ACCELERATING,false,0,4,0,10,0,,,8,10,3
296,2,4,1161,0,HIT_MUD,false,0,5,0,10,0,,,8,10,0
297,2,4,1161,0,FIXED_CAR,false,0,3,0,10,0,,,8,10,0
298,2,4,1164,0,HIT_WALL,false,0,5,0,10,0,,,8,10,-5
299,2,4,1164,0,FIXED_CAR,false,0,3,0,10,0,,,8,10,-5
300,2,4,1167,3,ACCELERATING,false,0,3,0,10,0,,,8,10,-5
301,2,4,1173,6,ACCELERATING,false,0,3,0,10,0,,,8,10,-5
302,2,4,1179,0,HIT_MUD,false,0,5,0,10,0,,,8,10,-11
303,2,4,1179,0,FIXED_CAR,false,0,3,0,10,0,,,8,10,-11
304,2,4,1182,0,HIT_MUD,false,0,5,0,10,0,,,8,10,-17
305,2,4,1182,0,FIXED_CAR,false,0,3,0,10,0,,,8,10,-17
306,2,4,1185,3,ACCELERATING,false,0,3,1,10,0,,,8,11,-9
307,2,4,1191,6,ACCELERATING,false,0,3,1,10,0,,,8,11,-9
308,2,4,1197,6,USED_BOOST,true,5,3,0,10,0,,,8,12,-1
309,2,4,1203,6,ACCELERATING,true,4,3,0,10,1,,,8,12,3
310,2,4,1209,6,ACCELERATING,true,3,3,1,10,1,,,8,12,7
311,2,4,1215,6,USED_BOOST,true,5,3,0,10,1,,,8,12,11
312,2,4,1221,6,ACCELERATING,true,4,3,0,10,1,,,8,13,15
313,2,4,1227,3,HIT_MUD,false,0,4,0,10,0,,,8,13,12
314,2,4,1230,3,ACCELERATING,false,0,4,0,10,0,,,8,13,12
315,2,4,1233,0,HIT_MUD,false,0,5,0,10,0,,,8,13,9
316,2,4,1233,0,FIXED_CAR,false,0,3,0,10,0,,,8,13,9
317,2,4,1236,0,HIT_MUD,false,0,5,0,10,0,,,8,13,3
318,2,4,1236,0,FIXED_CAR,false,0,3,0,10,0,,,8,13,3
319,2,4,1239,3,ACCELERATING,false,0,3,0,10,0,,,8,13,3
320,2,4,1245,6,ACCELERATING,false,0,3,0,10,0,,,8,13,3
321,2,4,1251,6,ACCELERATING,false,0,3,0,10,0,,,8,13,3
322,2,4,1257,3,HIT_MUD,false,0,4,0,10,0,,,8,13,0
323,2,4,1260,3,ACCELERATING,false,0,4,0,10,0,,,8,13,0
324,2,4,1263,3,ACCELERATING,false,0,4,0,10,0,,,8,13,0
325,2,4,1266,0,HIT_MUD,false,0,5,0,10,0,,,8,13,-3
326,2,4,1266,0,FIXED_CAR,false,0,3,0,10,0,,,8,13,-3
327,2,4,1269,3,HIT_MUD,false,0,4,0,10,0,,,8,13,-6
328,2,4,1272,0,HIT_MUD,false,0,5,1,10,0,,,8,13,-5
329,2,4,1272,0,FIXED_CAR,false,0,3,1,10,0,,,8,13,-5
330,2,4,1275,3,ACCELERATING,false,0,3,1,10,0,,,10,13,3
331,2,4,1281,6,ACCELERATING,false,0,3,1,10,0,,,10,13,3
332,2,4,1287,6,USED_BOOST,true,5,3,0,10,0,,,10,13,7
333,2,4,1293,6,ACCELERATING,true,4,3,0,10,0,,,10,13,7
334,2,4,1299,6,ACCELERATING,true,3,3,0,10,0,,,10,13,7
335,2,4,1305,3,HIT_MUD,false,0,4,0,10,0,,,10,13,4
336,2,4,1308,3,ACCELERATING,false,0,4,0,10,0,,,10,13,4
337,2,4,1311,3,ACCELERATING,false,0,4,0,10,0,,,10,13,4
338,2,4,1314,3,ACCELERATING,false,0,4,0,10,0,,,10,13,4
339,2,4,1317,3,ACCELERATING,false,0,4,0,10,0,,,10,13,4
340,2,4,1320,0,HIT_WALL,false,0,5,0,10,0,,,10,13,-1
341,2,4,1320,0,FIXED_CAR,false,0,3,0,10,0,,,10,13,-1
342,2,4,1323,3,ACCELERATING,false,0,3,0,10,0,,,10,13,-1
343,2,4,1329,6,ACCELERATING,false,0,3,0,10,0,,,10,13,-1
344,2,4,1335,6,ACCELERATING,false,0,3,0,10,0,,,10,13,-1
345,2,4,1341,6,ACCELERATING,false,0,3,0,10,0,,,10,13,-1
346,2,4,1347,6,ACCELERATING,false,0,3,0,10,0,,,10,13,-1
347,2,4,1353,3,HIT_MUD,false,0,4,0,11,0,,,11,13,4
348,2,4,1356,3,ACCELERATING,false,0,4,0,11,0,,,11,13,4
349,2,4,1359,3,ACCELERATING,false,0,4,0,11,0,,,11,13,4
350,2,4,1362,3,ACCELERATING,false,0,4,0,11,0,,,11,13,4
351,2,4,1365,3,ACCELERATING,false,0,4,1,11,0,,,12,13,12
352,2,4,1368,3,ACCELERATING,false,0,4,1,11,1,,,12,13,16
353,2,4,1371,3,ACCELERATING,false,0,4,1,11,1,,,12,13,16
354,2,4,1374,3,ACCELERATING,false,0,4,1,11,1,,,12,13,16
355,2,4,1377,0,HIT_MUD,false,0,5,1,11,1,,,12,13,13
356,2,4,1377,0,FIXED_CAR,false,0,3,1,11,1,,,12,13,13
357,2,4,1380,3,ACCELERATING,false,0,3,1,11,1,,,12,13,13
358,2,4,1386,6,ACCELERATING,false,0,3,1,11,1,,,12,14,17
359,2,4,1392,6,USED_BOOST,true,5,3,0,11,2,,,12,14,25
